model,population,product,MSE,RMSE (m/s²),MAE (m/s²)
Raw Attention,established,Product A,0.1822904871251456,0.42695490057516094,0.32029810620633137
Raw Attention,established,Product B,0.22024678612460197,0.46930457714005086,0.3489117961954671
Raw Attention,established,Product C,0.1786249486624817,0.42264044844581744,0.31537582614594734
Raw Attention,held-out,Product A,0.4443501825517688,0.6665959664982746,0.5110571507491214
Raw Attention,held-out,Product B,0.40852662066954637,0.6391608722923724,0.47628889566832955
Raw Attention,held-out,Product C,0.43344849141129377,0.6583680516331983,0.49732903474570034
Attention + decomposition,established,Product A,0.09066473890741591,0.30110585996857636,0.22738813057438914
Attention + decomposition,established,Product B,0.1322822051921458,0.36370620724995306,0.2672692078853382
Attention + decomposition,established,Product C,0.07965006717540148,0.2822234348444535,0.2105504876654749
Attention + decomposition,held-out,Product A,0.1551303408192744,0.39386589192169763,0.30329311147989096
Attention + decomposition,held-out,Product B,0.28477388577095397,0.533642095201413,0.39998967692706383
Attention + decomposition,held-out,Product C,0.2016717590210961,0.44907878932443035,0.3446785198499628
